seq,utr,expr,pre_exp
ATTTAGGTGACACTATAGAAAAA,AAAAA,1,8.415229
ATTTAGGTGACACTATAGAAAAC,AAAAC,1,8.453111
ATTTAGGTGACACTATAGAAAAG,AAAAG,1,8.5972185
ATTTAGGTGACACTATAGAAAAT,AAAAT,1,8.40782
ATTTAGGTGACACTATAGAAACA,AAACA,1,8.512171
ATTTAGGTGACACTATAGAAACC,AAACC,1,8.407922
ATTTAGGTGACACTATAGAAACG,AAACG,1,8.455587
ATTTAGGTGACACTATAGAAACT,AAACT,1,8.438119
ATTTAGGTGACACTATAGAAAGA,AAAGA,1,8.556013
ATTTAGGTGACACTATAGAAAGC,AAAGC,1,8.563162
ATTTAGGTGACACTATAGAAAGG,AAAGG,1,8.590717
ATTTAGGTGACACTATAGAAAGT,AAAGT,1,8.542009
ATTTAGGTGACACTATAGAAATA,AAATA,1,8.339775
ATTTAGGTGACACTATAGAAATC,AAATC,1,8.39114
ATTTAGGTGACACTATAGAAATG,AAATG,1,8.425962
ATTTAGGTGACACTATAGAAATT,AAATT,1,8.215121
ATTTAGGTGACACTATAGAACAA,AACAA,1,8.525598
ATTTAGGTGACACTATAGAACAC,AACAC,1,8.47151
ATTTAGGTGACACTATAGAACAG,AACAG,1,8.576515
ATTTAGGTGACACTATAGAACAT,AACAT,1,8.506083
ATTTAGGTGACACTATAGAACCA,AACCA,1,8.523999
ATTTAGGTGACACTATAGAACCC,AACCC,1,8.425853
ATTTAGGTGACACTATAGAACCG,AACCG,1,8.393083
ATTTAGGTGACACTATAGAACCT,AACCT,1,8.375961
ATTTAGGTGACACTATAGAACGA,AACGA,1,8.618498
ATTTAGGTGACACTATAGAACGC,AACGC,1,8.649011
ATTTAGGTGACACTATAGAACGG,AACGG,1,8.5791
ATTTAGGTGACACTATAGAACGT,AACGT,1,8.533313
ATTTAGGTGACACTATAGAACTA,AACTA,1,8.549847
ATTTAGGTGACACTATAGAACTC,AACTC,1,8.436347
ATTTAGGTGACACTATAGAACTG,AACTG,1,8.406435
ATTTAGGTGACACTATAGAACTT,AACTT,1,8.336631
ATTTAGGTGACACTATAGAAGAA,AAGAA,1,8.80676
ATTTAGGTGACACTATAGAAGAC,AAGAC,1,8.963878
ATTTAGGTGACACTATAGAAGAG,AAGAG,1,9.085342
ATTTAGGTGACACTATAGAAGAT,AAGAT,1,8.978864
ATTTAGGTGACACTATAGAAGCA,AAGCA,1,8.989639
ATTTAGGTGACACTATAGAAGCC,AAGCC,1,8.944909
ATTTAGGTGACACTATAGAAGCG,AAGCG,1,9.122085
ATTTAGGTGACACTATAGAAGCT,AAGCT,1,9.019018
ATTTAGGTGACACTATAGAAGGA,AAGGA,1,8.715749
ATTTAGGTGACACTATAGAAGGC,AAGGC,1,8.780154
ATTTAGGTGACACTATAGAAGGG,AAGGG,1,9.065148
ATTTAGGTGACACTATAGAAGGT,AAGGT,1,8.991611
ATTTAGGTGACACTATAGAAGTA,AAGTA,1,8.7817
ATTTAGGTGACACTATAGAAGTC,AAGTC,1,8.900704
ATTTAGGTGACACTATAGAAGTG,AAGTG,1,9.040823
ATTTAGGTGACACTATAGAAGTT,AAGTT,1,8.83258
ATTTAGGTGACACTATAGAATAA,AATAA,1,8.5235615
ATTTAGGTGACACTATAGAATAC,AATAC,1,8.578574
ATTTAGGTGACACTATAGAATAG,AATAG,1,8.611787
ATTTAGGTGACACTATAGAATAT,AATAT,1,8.503078
ATTTAGGTGACACTATAGAATCA,AATCA,1,8.6123295
ATTTAGGTGACACTATAGAATCC,AATCC,1,8.586005
ATTTAGGTGACACTATAGAATCG,AATCG,1,8.615799
ATTTAGGTGACACTATAGAATCT,AATCT,1,8.535766
ATTTAGGTGACACTATAGAATGA,AATGA,1,8.481626
ATTTAGGTGACACTATAGAATGC,AATGC,1,8.533067
ATTTAGGTGACACTATAGAATGG,AATGG,1,8.511723
ATTTAGGTGACACTATAGAATGT,AATGT,1,8.440552
ATTTAGGTGACACTATAGAATTA,AATTA,1,8.435674
ATTTAGGTGACACTATAGAATTC,AATTC,1,8.511455
ATTTAGGTGACACTATAGAATTG,AATTG,1,8.438667
ATTTAGGTGACACTATAGAATTT,AATTT,1,8.370762
ATTTAGGTGACACTATAGACAAA,ACAAA,1,8.288211
ATTTAGGTGACACTATAGACAAC,ACAAC,1,8.367832
ATTTAGGTGACACTATAGACAAG,ACAAG,1,8.397542
ATTTAGGTGACACTATAGACAAT,ACAAT,1,8.2854
ATTTAGGTGACACTATAGACACA,ACACA,1,8.182317
ATTTAGGTGACACTATAGACACC,ACACC,1,8.144055
ATTTAGGTGACACTATAGACACG,ACACG,1,8.115057
ATTTAGGTGACACTATAGACACT,ACACT,1,8.0173025
ATTTAGGTGACACTATAGACAGA,ACAGA,1,8.411339
ATTTAGGTGACACTATAGACAGC,ACAGC,1,8.384239
ATTTAGGTGACACTATAGACAGG,ACAGG,1,8.409804
ATTTAGGTGACACTATAGACAGT,ACAGT,1,8.323646
ATTTAGGTGACACTATAGACATA,ACATA,1,8.179832
ATTTAGGTGACACTATAGACATC,ACATC,1,8.154501
ATTTAGGTGACACTATAGACATG,ACATG,1,8.233323
ATTTAGGTGACACTATAGACATT,ACATT,1,8.103119
ATTTAGGTGACACTATAGACCAA,ACCAA,1,8.175279
ATTTAGGTGACACTATAGACCAC,ACCAC,1,8.137336
ATTTAGGTGACACTATAGACCAG,ACCAG,1,8.236168
ATTTAGGTGACACTATAGACCAT,ACCAT,1,8.166072
ATTTAGGTGACACTATAGACCCA,ACCCA,1,7.882759
ATTTAGGTGACACTATAGACCCC,ACCCC,1,7.874415
ATTTAGGTGACACTATAGACCCG,ACCCG,1,7.84389
ATTTAGGTGACACTATAGACCCT,ACCCT,1,7.8211346
ATTTAGGTGACACTATAGACCGA,ACCGA,1,8.267045
ATTTAGGTGACACTATAGACCGC,ACCGC,1,8.296546
ATTTAGGTGACACTATAGACCGG,ACCGG,1,8.178616
ATTTAGGTGACACTATAGACCGT,ACCGT,1,8.229681
ATTTAGGTGACACTATAGACCTA,ACCTA,1,8.248794
ATTTAGGTGACACTATAGACCTC,ACCTC,1,8.172895
ATTTAGGTGACACTATAGACCTG,ACCTG,1,8.074763
ATTTAGGTGACACTATAGACCTT,ACCTT,1,8.044049
ATTTAGGTGACACTATAGACGAA,ACGAA,1,8.367187
ATTTAGGTGACACTATAGACGAC,ACGAC,1,8.435919
ATTTAGGTGACACTATAGACGAG,ACGAG,1,8.525243
ATTTAGGTGACACTATAGACGAT,ACGAT,1,8.364808
ATTTAGGTGACACTATAGACGCA,ACGCA,1,8.231697
ATTTAGGTGACACTATAGACGCC,ACGCC,1,8.294493
ATTTAGGTGACACTATAGACGCG,ACGCG,1,8.388783
ATTTAGGTGACACTATAGACGCT,ACGCT,1,8.223891
ATTTAGGTGACACTATAGACGGA,ACGGA,1,8.247026
ATTTAGGTGACACTATAGACGGC,ACGGC,1,8.3556
ATTTAGGTGACACTATAGACGGG,ACGGG,1,8.269654
ATTTAGGTGACACTATAGACGGT,ACGGT,1,8.296364
ATTTAGGTGACACTATAGACGTA,ACGTA,1,8.21071
ATTTAGGTGACACTATAGACGTC,ACGTC,1,8.192034
ATTTAGGTGACACTATAGACGTG,ACGTG,1,8.263514
ATTTAGGTGACACTATAGACGTT,ACGTT,1,8.06103
ATTTAGGTGACACTATAGACTAA,ACTAA,1,8.134497
ATTTAGGTGACACTATAGACTAC,ACTAC,1,8.134945
ATTTAGGTGACACTATAGACTAG,ACTAG,1,8.169514
ATTTAGGTGACACTATAGACTAT,ACTAT,1,8.0663
ATTTAGGTGACACTATAGACTCA,ACTCA,1,7.990564
ATTTAGGTGACACTATAGACTCC,ACTCC,1,8.0130005
ATTTAGGTGACACTATAGACTCG,ACTCG,1,8.006348
ATTTAGGTGACACTATAGACTCT,ACTCT,1,7.986311
ATTTAGGTGACACTATAGACTGA,ACTGA,1,8.061554
ATTTAGGTGACACTATAGACTGC,ACTGC,1,8.162401
ATTTAGGTGACACTATAGACTGG,ACTGG,1,8.047058
ATTTAGGTGACACTATAGACTGT,ACTGT,1,8.008876
ATTTAGGTGACACTATAGACTTA,ACTTA,1,8.079252
ATTTAGGTGACACTATAGACTTC,ACTTC,1,8.025705
ATTTAGGTGACACTATAGACTTG,ACTTG,1,8.013202
ATTTAGGTGACACTATAGACTTT,ACTTT,1,7.8794947
ATTTAGGTGACACTATAGAGAAA,AGAAA,1,8.3366165
ATTTAGGTGACACTATAGAGAAC,AGAAC,1,8.33711
ATTTAGGTGACACTATAGAGAAG,AGAAG,1,8.372028
ATTTAGGTGACACTATAGAGAAT,AGAAT,1,8.144676
ATTTAGGTGACACTATAGAGACA,AGACA,1,8.409056
ATTTAGGTGACACTATAGAGACC,AGACC,1,8.277075
ATTTAGGTGACACTATAGAGACG,AGACG,1,8.400168
ATTTAGGTGACACTATAGAGACT,AGACT,1,8.272482
ATTTAGGTGACACTATAGAGAGA,AGAGA,1,8.539704
ATTTAGGTGACACTATAGAGAGC,AGAGC,1,8.484697
ATTTAGGTGACACTATAGAGAGG,AGAGG,1,8.409819
ATTTAGGTGACACTATAGAGAGT,AGAGT,1,8.226531
ATTTAGGTGACACTATAGAGATA,AGATA,1,8.27231
ATTTAGGTGACACTATAGAGATC,AGATC,1,8.267111
ATTTAGGTGACACTATAGAGATG,AGATG,1,8.217345
ATTTAGGTGACACTATAGAGATT,AGATT,1,7.9909606
ATTTAGGTGACACTATAGAGCAA,AGCAA,1,8.030942
ATTTAGGTGACACTATAGAGCAC,AGCAC,1,8.078909
ATTTAGGTGACACTATAGAGCAG,AGCAG,1,8.055119
ATTTAGGTGACACTATAGAGCAT,AGCAT,1,7.9053483
ATTTAGGTGACACTATAGAGCCA,AGCCA,1,7.980515
ATTTAGGTGACACTATAGAGCCC,AGCCC,1,7.897438
ATTTAGGTGACACTATAGAGCCG,AGCCG,1,7.6460457
ATTTAGGTGACACTATAGAGCCT,AGCCT,1,7.704475
ATTTAGGTGACACTATAGAGCGA,AGCGA,1,8.153747
ATTTAGGTGACACTATAGAGCGC,AGCGC,1,8.093395
ATTTAGGTGACACTATAGAGCGG,AGCGG,1,7.88521
ATTTAGGTGACACTATAGAGCGT,AGCGT,1,7.980674
ATTTAGGTGACACTATAGAGCTA,AGCTA,1,8.088853
ATTTAGGTGACACTATAGAGCTC,AGCTC,1,8.086944
ATTTAGGTGACACTATAGAGCTG,AGCTG,1,7.953023
ATTTAGGTGACACTATAGAGCTT,AGCTT,1,7.8068004
ATTTAGGTGACACTATAGAGGAA,AGGAA,1,8.443313
ATTTAGGTGACACTATAGAGGAC,AGGAC,1,8.503265
ATTTAGGTGACACTATAGAGGAG,AGGAG,1,8.506445
ATTTAGGTGACACTATAGAGGAT,AGGAT,1,8.32507
ATTTAGGTGACACTATAGAGGCA,AGGCA,1,8.339728
ATTTAGGTGACACTATAGAGGCC,AGGCC,1,8.353477
ATTTAGGTGACACTATAGAGGCG,AGGCG,1,8.283145
ATTTAGGTGACACTATAGAGGCT,AGGCT,1,8.156497
ATTTAGGTGACACTATAGAGGGA,AGGGA,1,8.203021
ATTTAGGTGACACTATAGAGGGC,AGGGC,1,8.333894
ATTTAGGTGACACTATAGAGGGG,AGGGG,1,8.113026
ATTTAGGTGACACTATAGAGGGT,AGGGT,1,8.078051
ATTTAGGTGACACTATAGAGGTA,AGGTA,1,8.227759
ATTTAGGTGACACTATAGAGGTC,AGGTC,1,8.249055
ATTTAGGTGACACTATAGAGGTG,AGGTG,1,8.158959
ATTTAGGTGACACTATAGAGGTT,AGGTT,1,7.8289137
ATTTAGGTGACACTATAGAGTAA,AGTAA,1,8.154612
ATTTAGGTGACACTATAGAGTAC,AGTAC,1,8.174957
ATTTAGGTGACACTATAGAGTAG,AGTAG,1,8.1681
ATTTAGGTGACACTATAGAGTAT,AGTAT,1,7.994435
ATTTAGGTGACACTATAGAGTCA,AGTCA,1,8.177294
ATTTAGGTGACACTATAGAGTCC,AGTCC,1,8.122012
ATTTAGGTGACACTATAGAGTCG,AGTCG,1,7.9537563
ATTTAGGTGACACTATAGAGTCT,AGTCT,1,7.907623
ATTTAGGTGACACTATAGAGTGA,AGTGA,1,8.139503
ATTTAGGTGACACTATAGAGTGC,AGTGC,1,8.21793
ATTTAGGTGACACTATAGAGTGG,AGTGG,1,7.9093924
ATTTAGGTGACACTATAGAGTGT,AGTGT,1,7.892078
ATTTAGGTGACACTATAGAGTTA,AGTTA,1,8.108767
ATTTAGGTGACACTATAGAGTTC,AGTTC,1,8.105243
ATTTAGGTGACACTATAGAGTTG,AGTTG,1,8.046554
ATTTAGGTGACACTATAGAGTTT,AGTTT,1,7.8524327
ATTTAGGTGACACTATAGATAAA,ATAAA,1,8.348628
ATTTAGGTGACACTATAGATAAC,ATAAC,1,8.308536
ATTTAGGTGACACTATAGATAAG,ATAAG,1,8.385208
ATTTAGGTGACACTATAGATAAT,ATAAT,1,8.34135
ATTTAGGTGACACTATAGATACA,ATACA,1,8.218874
ATTTAGGTGACACTATAGATACC,ATACC,1,8.106411
ATTTAGGTGACACTATAGATACG,ATACG,1,8.2944355
ATTTAGGTGACACTATAGATACT,ATACT,1,8.058321
ATTTAGGTGACACTATAGATAGA,ATAGA,1,8.405497
ATTTAGGTGACACTATAGATAGC,ATAGC,1,8.469135
ATTTAGGTGACACTATAGATAGG,ATAGG,1,8.301337
ATTTAGGTGACACTATAGATAGT,ATAGT,1,8.335448
ATTTAGGTGACACTATAGATATA,ATATA,1,8.298094
ATTTAGGTGACACTATAGATATC,ATATC,1,8.299045
ATTTAGGTGACACTATAGATATG,ATATG,1,8.310872
ATTTAGGTGACACTATAGATATT,ATATT,1,8.129078
ATTTAGGTGACACTATAGATCAA,ATCAA,1,8.237072
ATTTAGGTGACACTATAGATCAC,ATCAC,1,8.171492
ATTTAGGTGACACTATAGATCAG,ATCAG,1,8.204937
ATTTAGGTGACACTATAGATCAT,ATCAT,1,8.248271
ATTTAGGTGACACTATAGATCCA,ATCCA,1,8.256635
ATTTAGGTGACACTATAGATCCC,ATCCC,1,8.117635
ATTTAGGTGACACTATAGATCCG,ATCCG,1,8.080401
ATTTAGGTGACACTATAGATCCT,ATCCT,1,8.093837
ATTTAGGTGACACTATAGATCGA,ATCGA,1,8.36036
ATTTAGGTGACACTATAGATCGC,ATCGC,1,8.297418
ATTTAGGTGACACTATAGATCGG,ATCGG,1,8.16789
ATTTAGGTGACACTATAGATCGT,ATCGT,1,8.30046
ATTTAGGTGACACTATAGATCTA,ATCTA,1,8.318621
ATTTAGGTGACACTATAGATCTC,ATCTC,1,8.177193
ATTTAGGTGACACTATAGATCTG,ATCTG,1,8.139393
ATTTAGGTGACACTATAGATCTT,ATCTT,1,8.132958
ATTTAGGTGACACTATAGATGAA,ATGAA,1,8.6287155
ATTTAGGTGACACTATAGATGAC,ATGAC,1,8.617968
ATTTAGGTGACACTATAGATGAG,ATGAG,1,8.756763
ATTTAGGTGACACTATAGATGAT,ATGAT,1,8.691653
ATTTAGGTGACACTATAGATGCA,ATGCA,1,8.519071
ATTTAGGTGACACTATAGATGCC,ATGCC,1,8.455056
ATTTAGGTGACACTATAGATGCG,ATGCG,1,8.625776
ATTTAGGTGACACTATAGATGCT,ATGCT,1,8.520606
ATTTAGGTGACACTATAGATGGA,ATGGA,1,8.640884
ATTTAGGTGACACTATAGATGGC,ATGGC,1,8.531493
ATTTAGGTGACACTATAGATGGG,ATGGG,1,8.583606
ATTTAGGTGACACTATAGATGGT,ATGGT,1,8.689174
ATTTAGGTGACACTATAGATGTA,ATGTA,1,8.474899
ATTTAGGTGACACTATAGATGTC,ATGTC,1,8.463451
ATTTAGGTGACACTATAGATGTG,ATGTG,1,8.515544
ATTTAGGTGACACTATAGATGTT,ATGTT,1,8.398103
ATTTAGGTGACACTATAGATTAA,ATTAA,1,8.205587
ATTTAGGTGACACTATAGATTAC,ATTAC,1,8.230224
ATTTAGGTGACACTATAGATTAG,ATTAG,1,8.25835
ATTTAGGTGACACTATAGATTAT,ATTAT,1,8.1492605
ATTTAGGTGACACTATAGATTCA,ATTCA,1,8.179048
ATTTAGGTGACACTATAGATTCC,ATTCC,1,8.109591
ATTTAGGTGACACTATAGATTCG,ATTCG,1,8.191821
ATTTAGGTGACACTATAGATTCT,ATTCT,1,8.069752
ATTTAGGTGACACTATAGATTGA,ATTGA,1,8.214787
ATTTAGGTGACACTATAGATTGC,ATTGC,1,8.263161
ATTTAGGTGACACTATAGATTGG,ATTGG,1,8.137554
ATTTAGGTGACACTATAGATTGT,ATTGT,1,8.058185
ATTTAGGTGACACTATAGATTTA,ATTTA,1,8.190376
ATTTAGGTGACACTATAGATTTC,ATTTC,1,8.161577
ATTTAGGTGACACTATAGATTTG,ATTTG,1,8.167226
ATTTAGGTGACACTATAGATTTT,ATTTT,1,8.091169
ATTTAGGTGACACTATAGCAAAA,CAAAA,1,6.936677
ATTTAGGTGACACTATAGCAAAC,CAAAC,1,6.89827
ATTTAGGTGACACTATAGCAAAG,CAAAG,1,7.0040774
ATTTAGGTGACACTATAGCAAAT,CAAAT,1,6.9258537
ATTTAGGTGACACTATAGCAACA,CAACA,1,6.944494
ATTTAGGTGACACTATAGCAACC,CAACC,1,6.840357
ATTTAGGTGACACTATAGCAACG,CAACG,1,6.889382
ATTTAGGTGACACTATAGCAACT,CAACT,1,6.931698
ATTTAGGTGACACTATAGCAAGA,CAAGA,1,6.9687266
ATTTAGGTGACACTATAGCAAGC,CAAGC,1,6.9122543
ATTTAGGTGACACTATAGCAAGG,CAAGG,1,6.9329424
ATTTAGGTGACACTATAGCAAGT,CAAGT,1,6.95421
ATTTAGGTGACACTATAGCAATA,CAATA,1,6.8997207
ATTTAGGTGACACTATAGCAATC,CAATC,1,6.8032804
ATTTAGGTGACACTATAGCAATG,CAATG,1,6.903851
ATTTAGGTGACACTATAGCAATT,CAATT,1,6.82219
ATTTAGGTGACACTATAGCACAA,CACAA,1,6.866873
ATTTAGGTGACACTATAGCACAC,CACAC,1,6.88404
ATTTAGGTGACACTATAGCACAG,CACAG,1,6.9382763
ATTTAGGTGACACTATAGCACAT,CACAT,1,6.894848
ATTTAGGTGACACTATAGCACCA,CACCA,1,6.751258
ATTTAGGTGACACTATAGCACCC,CACCC,1,6.7478046
ATTTAGGTGACACTATAGCACCG,CACCG,1,6.7540817
ATTTAGGTGACACTATAGCACCT,CACCT,1,6.7736607
ATTTAGGTGACACTATAGCACGA,CACGA,1,6.9701624
ATTTAGGTGACACTATAGCACGC,CACGC,1,6.9804006
ATTTAGGTGACACTATAGCACGG,CACGG,1,6.912551
ATTTAGGTGACACTATAGCACGT,CACGT,1,6.904692
ATTTAGGTGACACTATAGCACTA,CACTA,1,6.940418
ATTTAGGTGACACTATAGCACTC,CACTC,1,6.8944664
ATTTAGGTGACACTATAGCACTG,CACTG,1,6.869642
ATTTAGGTGACACTATAGCACTT,CACTT,1,6.8261423
ATTTAGGTGACACTATAGCAGAA,CAGAA,1,7.233778
ATTTAGGTGACACTATAGCAGAC,CAGAC,1,7.3652334
ATTTAGGTGACACTATAGCAGAG,CAGAG,1,7.392824
ATTTAGGTGACACTATAGCAGAT,CAGAT,1,7.380701
ATTTAGGTGACACTATAGCAGCA,CAGCA,1,7.3659983
ATTTAGGTGACACTATAGCAGCC,CAGCC,1,7.227783
ATTTAGGTGACACTATAGCAGCG,CAGCG,1,7.3977537
ATTTAGGTGACACTATAGCAGCT,CAGCT,1,7.4224243
ATTTAGGTGACACTATAGCAGGA,CAGGA,1,7.2249665
ATTTAGGTGACACTATAGCAGGC,CAGGC,1,7.296114
ATTTAGGTGACACTATAGCAGGG,CAGGG,1,7.3513594
ATTTAGGTGACACTATAGCAGGT,CAGGT,1,7.396044
ATTTAGGTGACACTATAGCAGTA,CAGTA,1,7.3436947
ATTTAGGTGACACTATAGCAGTC,CAGTC,1,7.343037
ATTTAGGTGACACTATAGCAGTG,CAGTG,1,7.4129467
ATTTAGGTGACACTATAGCAGTT,CAGTT,1,7.355051
ATTTAGGTGACACTATAGCATAA,CATAA,1,6.815262
ATTTAGGTGACACTATAGCATAC,CATAC,1,6.9171085
ATTTAGGTGACACTATAGCATAG,CATAG,1,6.907149
ATTTAGGTGACACTATAGCATAT,CATAT,1,6.924203
ATTTAGGTGACACTATAGCATCA,CATCA,1,6.8254437
ATTTAGGTGACACTATAGCATCC,CATCC,1,6.8760285
ATTTAGGTGACACTATAGCATCG,CATCG,1,6.8376646
ATTTAGGTGACACTATAGCATCT,CATCT,1,6.8960257
ATTTAGGTGACACTATAGCATGA,CATGA,1,6.8522444
ATTTAGGTGACACTATAGCATGC,CATGC,1,6.9712133
ATTTAGGTGACACTATAGCATGG,CATGG,1,6.879177
ATTTAGGTGACACTATAGCATGT,CATGT,1,6.8927293
ATTTAGGTGACACTATAGCATTA,CATTA,1,6.886766
ATTTAGGTGACACTATAGCATTC,CATTC,1,6.828044
ATTTAGGTGACACTATAGCATTG,CATTG,1,6.775733
ATTTAGGTGACACTATAGCATTT,CATTT,1,6.7812057
ATTTAGGTGACACTATAGCCAAA,CCAAA,1,6.8391614
ATTTAGGTGACACTATAGCCAAC,CCAAC,1,6.784703
ATTTAGGTGACACTATAGCCAAG,CCAAG,1,6.857512
ATTTAGGTGACACTATAGCCAAT,CCAAT,1,6.7286897
ATTTAGGTGACACTATAGCCACA,CCACA,1,6.7508326
ATTTAGGTGACACTATAGCCACC,CCACC,1,6.6794653
ATTTAGGTGACACTATAGCCACG,CCACG,1,6.6756563
ATTTAGGTGACACTATAGCCACT,CCACT,1,6.6434455
ATTTAGGTGACACTATAGCCAGA,CCAGA,1,6.9039807
ATTTAGGTGACACTATAGCCAGC,CCAGC,1,6.730736
ATTTAGGTGACACTATAGCCAGG,CCAGG,1,6.7314796
ATTTAGGTGACACTATAGCCAGT,CCAGT,1,6.8130045
ATTTAGGTGACACTATAGCCATA,CCATA,1,6.686539
ATTTAGGTGACACTATAGCCATC,CCATC,1,6.5650964
ATTTAGGTGACACTATAGCCATG,CCATG,1,6.609811
ATTTAGGTGACACTATAGCCATT,CCATT,1,6.5242853
ATTTAGGTGACACTATAGCCCAA,CCCAA,1,6.7300544
ATTTAGGTGACACTATAGCCCAC,CCCAC,1,6.7172213
ATTTAGGTGACACTATAGCCCAG,CCCAG,1,6.7714043
ATTTAGGTGACACTATAGCCCAT,CCCAT,1,6.7268386
ATTTAGGTGACACTATAGCCCCA,CCCCA,1,6.5577483
ATTTAGGTGACACTATAGCCCCC,CCCCC,1,6.5083103
ATTTAGGTGACACTATAGCCCCG,CCCCG,1,6.508235
ATTTAGGTGACACTATAGCCCCT,CCCCT,1,6.520358
ATTTAGGTGACACTATAGCCCGA,CCCGA,1,6.717984
ATTTAGGTGACACTATAGCCCGC,CCCGC,1,6.6923347
ATTTAGGTGACACTATAGCCCGG,CCCGG,1,6.6374454
ATTTAGGTGACACTATAGCCCGT,CCCGT,1,6.758078
ATTTAGGTGACACTATAGCCCTA,CCCTA,1,6.874711
ATTTAGGTGACACTATAGCCCTC,CCCTC,1,6.6941247
ATTTAGGTGACACTATAGCCCTG,CCCTG,1,6.7409205
ATTTAGGTGACACTATAGCCCTT,CCCTT,1,6.628474
ATTTAGGTGACACTATAGCCGAA,CCGAA,1,6.9873347
ATTTAGGTGACACTATAGCCGAC,CCGAC,1,7.011464
ATTTAGGTGACACTATAGCCGAG,CCGAG,1,6.9479847
ATTTAGGTGACACTATAGCCGAT,CCGAT,1,6.8336854
ATTTAGGTGACACTATAGCCGCA,CCGCA,1,6.857714
ATTTAGGTGACACTATAGCCGCC,CCGCC,1,6.8514237
ATTTAGGTGACACTATAGCCGCG,CCGCG,1,6.881364
ATTTAGGTGACACTATAGCCGCT,CCGCT,1,6.8465214
ATTTAGGTGACACTATAGCCGGA,CCGGA,1,6.8533187
ATTTAGGTGACACTATAGCCGGC,CCGGC,1,6.887374
ATTTAGGTGACACTATAGCCGGG,CCGGG,1,6.785268
ATTTAGGTGACACTATAGCCGGT,CCGGT,1,6.8373013
ATTTAGGTGACACTATAGCCGTA,CCGTA,1,6.8838353
ATTTAGGTGACACTATAGCCGTC,CCGTC,1,6.836508
ATTTAGGTGACACTATAGCCGTG,CCGTG,1,6.8263288
ATTTAGGTGACACTATAGCCGTT,CCGTT,1,6.70201
ATTTAGGTGACACTATAGCCTAA,CCTAA,1,6.699301
ATTTAGGTGACACTATAGCCTAC,CCTAC,1,6.7525587
ATTTAGGTGACACTATAGCCTAG,CCTAG,1,6.714609
ATTTAGGTGACACTATAGCCTAT,CCTAT,1,6.653983
ATTTAGGTGACACTATAGCCTCA,CCTCA,1,6.5215287
ATTTAGGTGACACTATAGCCTCC,CCTCC,1,6.574717
ATTTAGGTGACACTATAGCCTCG,CCTCG,1,6.5317507
ATTTAGGTGACACTATAGCCTCT,CCTCT,1,6.5528054
ATTTAGGTGACACTATAGCCTGA,CCTGA,1,6.7032013
ATTTAGGTGACACTATAGCCTGC,CCTGC,1,6.7499547
ATTTAGGTGACACTATAGCCTGG,CCTGG,1,6.6032543
ATTTAGGTGACACTATAGCCTGT,CCTGT,1,6.691311
ATTTAGGTGACACTATAGCCTTA,CCTTA,1,6.6765127
ATTTAGGTGACACTATAGCCTTC,CCTTC,1,6.5800824
ATTTAGGTGACACTATAGCCTTG,CCTTG,1,6.5750537
ATTTAGGTGACACTATAGCCTTT,CCTTT,1,6.5351524
ATTTAGGTGACACTATAGCGAAA,CGAAA,1,6.352768
ATTTAGGTGACACTATAGCGAAC,CGAAC,1,6.221552
ATTTAGGTGACACTATAGCGAAG,CGAAG,1,6.2869177
ATTTAGGTGACACTATAGCGAAT,CGAAT,1,6.2386017
ATTTAGGTGACACTATAGCGACA,CGACA,1,6.323171
ATTTAGGTGACACTATAGCGACC,CGACC,1,6.1241684
ATTTAGGTGACACTATAGCGACG,CGACG,1,6.155082
ATTTAGGTGACACTATAGCGACT,CGACT,1,6.280646
ATTTAGGTGACACTATAGCGAGA,CGAGA,1,6.265794
ATTTAGGTGACACTATAGCGAGC,CGAGC,1,6.128225
ATTTAGGTGACACTATAGCGAGG,CGAGG,1,5.992542
ATTTAGGTGACACTATAGCGAGT,CGAGT,1,6.1201606
ATTTAGGTGACACTATAGCGATA,CGATA,1,6.1947937
ATTTAGGTGACACTATAGCGATC,CGATC,1,6.0247073
ATTTAGGTGACACTATAGCGATG,CGATG,1,6.0163903
ATTTAGGTGACACTATAGCGATT,CGATT,1,6.0573606
ATTTAGGTGACACTATAGCGCAA,CGCAA,1,6.296941
ATTTAGGTGACACTATAGCGCAC,CGCAC,1,6.243397
ATTTAGGTGACACTATAGCGCAG,CGCAG,1,6.179127
ATTTAGGTGACACTATAGCGCAT,CGCAT,1,6.2144775
ATTTAGGTGACACTATAGCGCCA,CGCCA,1,6.250539
ATTTAGGTGACACTATAGCGCCC,CGCCC,1,6.1591034
ATTTAGGTGACACTATAGCGCCG,CGCCG,1,6.1145873
ATTTAGGTGACACTATAGCGCCT,CGCCT,1,6.1420803
ATTTAGGTGACACTATAGCGCGA,CGCGA,1,6.281
ATTTAGGTGACACTATAGCGCGC,CGCGC,1,6.253211
ATTTAGGTGACACTATAGCGCGG,CGCGG,1,6.0604544
ATTTAGGTGACACTATAGCGCGT,CGCGT,1,6.228317
ATTTAGGTGACACTATAGCGCTA,CGCTA,1,6.408619
ATTTAGGTGACACTATAGCGCTC,CGCTC,1,6.37279
ATTTAGGTGACACTATAGCGCTG,CGCTG,1,6.262584
ATTTAGGTGACACTATAGCGCTT,CGCTT,1,6.2447133
ATTTAGGTGACACTATAGCGGAA,CGGAA,1,6.565694
ATTTAGGTGACACTATAGCGGAC,CGGAC,1,6.5412345
ATTTAGGTGACACTATAGCGGAG,CGGAG,1,6.4986963
ATTTAGGTGACACTATAGCGGAT,CGGAT,1,6.4706535
ATTTAGGTGACACTATAGCGGCA,CGGCA,1,6.574733
ATTTAGGTGACACTATAGCGGCC,CGGCC,1,6.4372396
ATTTAGGTGACACTATAGCGGCG,CGGCG,1,6.434665
ATTTAGGTGACACTATAGCGGCT,CGGCT,1,6.430641
ATTTAGGTGACACTATAGCGGGA,CGGGA,1,6.4556584
ATTTAGGTGACACTATAGCGGGC,CGGGC,1,6.354615
ATTTAGGTGACACTATAGCGGGG,CGGGG,1,6.1853585
ATTTAGGTGACACTATAGCGGGT,CGGGT,1,6.3749113
ATTTAGGTGACACTATAGCGGTA,CGGTA,1,6.456891
ATTTAGGTGACACTATAGCGGTC,CGGTC,1,6.4557586
ATTTAGGTGACACTATAGCGGTG,CGGTG,1,6.4110494
ATTTAGGTGACACTATAGCGGTT,CGGTT,1,6.2987556
ATTTAGGTGACACTATAGCGTAA,CGTAA,1,6.202872
ATTTAGGTGACACTATAGCGTAC,CGTAC,1,6.115642
ATTTAGGTGACACTATAGCGTAG,CGTAG,1,6.17166
ATTTAGGTGACACTATAGCGTAT,CGTAT,1,6.161289
ATTTAGGTGACACTATAGCGTCA,CGTCA,1,6.200319
ATTTAGGTGACACTATAGCGTCC,CGTCC,1,6.136369
ATTTAGGTGACACTATAGCGTCG,CGTCG,1,6.1003413
ATTTAGGTGACACTATAGCGTCT,CGTCT,1,6.204192
ATTTAGGTGACACTATAGCGTGA,CGTGA,1,6.2249055
ATTTAGGTGACACTATAGCGTGC,CGTGC,1,6.282321
ATTTAGGTGACACTATAGCGTGG,CGTGG,1,6.0722733
ATTTAGGTGACACTATAGCGTGT,CGTGT,1,6.139006
ATTTAGGTGACACTATAGCGTTA,CGTTA,1,6.2184887
ATTTAGGTGACACTATAGCGTTC,CGTTC,1,6.2037024
ATTTAGGTGACACTATAGCGTTG,CGTTG,1,6.1546764
ATTTAGGTGACACTATAGCGTTT,CGTTT,1,6.120139
ATTTAGGTGACACTATAGCTAAA,CTAAA,1,6.6797724
ATTTAGGTGACACTATAGCTAAC,CTAAC,1,6.5827208
ATTTAGGTGACACTATAGCTAAG,CTAAG,1,6.66346
ATTTAGGTGACACTATAGCTAAT,CTAAT,1,6.67372
ATTTAGGTGACACTATAGCTACA,CTACA,1,6.6578197
ATTTAGGTGACACTATAGCTACC,CTACC,1,6.549741
ATTTAGGTGACACTATAGCTACG,CTACG,1,6.6636057
ATTTAGGTGACACTATAGCTACT,CTACT,1,6.624068
ATTTAGGTGACACTATAGCTAGA,CTAGA,1,6.736437
ATTTAGGTGACACTATAGCTAGC,CTAGC,1,6.6977186
ATTTAGGTGACACTATAGCTAGG,CTAGG,1,6.7143908
ATTTAGGTGACACTATAGCTAGT,CTAGT,1,6.732699
ATTTAGGTGACACTATAGCTATA,CTATA,1,6.553627
ATTTAGGTGACACTATAGCTATC,CTATC,1,6.446814
ATTTAGGTGACACTATAGCTATG,CTATG,1,6.544437
ATTTAGGTGACACTATAGCTATT,CTATT,1,6.3958926
ATTTAGGTGACACTATAGCTCAA,CTCAA,1,6.5811033
ATTTAGGTGACACTATAGCTCAC,CTCAC,1,6.5413256
ATTTAGGTGACACTATAGCTCAG,CTCAG,1,6.6571403
ATTTAGGTGACACTATAGCTCAT,CTCAT,1,6.580337
ATTTAGGTGACACTATAGCTCCA,CTCCA,1,6.5729213
ATTTAGGTGACACTATAGCTCCC,CTCCC,1,6.4388366
ATTTAGGTGACACTATAGCTCCG,CTCCG,1,6.4928894
ATTTAGGTGACACTATAGCTCCT,CTCCT,1,6.5091777
ATTTAGGTGACACTATAGCTCGA,CTCGA,1,6.683426
ATTTAGGTGACACTATAGCTCGC,CTCGC,1,6.5785723
ATTTAGGTGACACTATAGCTCGG,CTCGG,1,6.611095
ATTTAGGTGACACTATAGCTCGT,CTCGT,1,6.7110353
ATTTAGGTGACACTATAGCTCTA,CTCTA,1,6.7922916
ATTTAGGTGACACTATAGCTCTC,CTCTC,1,6.6210046
ATTTAGGTGACACTATAGCTCTG,CTCTG,1,6.6813083
ATTTAGGTGACACTATAGCTCTT,CTCTT,1,6.640493
ATTTAGGTGACACTATAGCTGAA,CTGAA,1,6.8909516
ATTTAGGTGACACTATAGCTGAC,CTGAC,1,6.871425
ATTTAGGTGACACTATAGCTGAG,CTGAG,1,6.96861
ATTTAGGTGACACTATAGCTGAT,CTGAT,1,6.9317713
ATTTAGGTGACACTATAGCTGCA,CTGCA,1,6.8528423
ATTTAGGTGACACTATAGCTGCC,CTGCC,1,6.7259107
ATTTAGGTGACACTATAGCTGCG,CTGCG,1,6.853573
ATTTAGGTGACACTATAGCTGCT,CTGCT,1,6.857906
ATTTAGGTGACACTATAGCTGGA,CTGGA,1,6.964779
ATTTAGGTGACACTATAGCTGGC,CTGGC,1,6.903096
ATTTAGGTGACACTATAGCTGGG,CTGGG,1,6.9453335
ATTTAGGTGACACTATAGCTGGT,CTGGT,1,6.9531627
ATTTAGGTGACACTATAGCTGTA,CTGTA,1,6.9159427
ATTTAGGTGACACTATAGCTGTC,CTGTC,1,6.855678
ATTTAGGTGACACTATAGCTGTG,CTGTG,1,6.871244
ATTTAGGTGACACTATAGCTGTT,CTGTT,1,6.75964
ATTTAGGTGACACTATAGCTTAA,CTTAA,1,6.525411
ATTTAGGTGACACTATAGCTTAC,CTTAC,1,6.6265616
ATTTAGGTGACACTATAGCTTAG,CTTAG,1,6.6070313
ATTTAGGTGACACTATAGCTTAT,CTTAT,1,6.5362873
ATTTAGGTGACACTATAGCTTCA,CTTCA,1,6.6279254
ATTTAGGTGACACTATAGCTTCC,CTTCC,1,6.5867434
ATTTAGGTGACACTATAGCTTCG,CTTCG,1,6.5951715
ATTTAGGTGACACTATAGCTTCT,CTTCT,1,6.5927486
ATTTAGGTGACACTATAGCTTGA,CTTGA,1,6.7047567
ATTTAGGTGACACTATAGCTTGC,CTTGC,1,6.7290096
ATTTAGGTGACACTATAGCTTGG,CTTGG,1,6.588452
ATTTAGGTGACACTATAGCTTGT,CTTGT,1,6.5225935
ATTTAGGTGACACTATAGCTTTA,CTTTA,1,6.5704556
ATTTAGGTGACACTATAGCTTTC,CTTTC,1,6.5637546
ATTTAGGTGACACTATAGCTTTG,CTTTG,1,6.430081
ATTTAGGTGACACTATAGCTTTT,CTTTT,1,6.4659433
ATTTAGGTGACACTATAGGAAAA,GAAAA,1,7.4960427
ATTTAGGTGACACTATAGGAAAC,GAAAC,1,7.4956923
ATTTAGGTGACACTATAGGAAAG,GAAAG,1,7.6454864
ATTTAGGTGACACTATAGGAAAT,GAAAT,1,7.6218977
ATTTAGGTGACACTATAGGAACA,GAACA,1,7.492809
ATTTAGGTGACACTATAGGAACC,GAACC,1,7.3999043
ATTTAGGTGACACTATAGGAACG,GAACG,1,7.4907026
ATTTAGGTGACACTATAGGAACT,GAACT,1,7.5233207
ATTTAGGTGACACTATAGGAAGA,GAAGA,1,7.648879
ATTTAGGTGACACTATAGGAAGC,GAAGC,1,7.6339016
ATTTAGGTGACACTATAGGAAGG,GAAGG,1,7.6451545
ATTTAGGTGACACTATAGGAAGT,GAAGT,1,7.674942
ATTTAGGTGACACTATAGGAATA,GAATA,1,7.3843846
ATTTAGGTGACACTATAGGAATC,GAATC,1,7.3884664
ATTTAGGTGACACTATAGGAATG,GAATG,1,7.421118
ATTTAGGTGACACTATAGGAATT,GAATT,1,7.3499737
ATTTAGGTGACACTATAGGACAA,GACAA,1,7.5288115
ATTTAGGTGACACTATAGGACAC,GACAC,1,7.511408
ATTTAGGTGACACTATAGGACAG,GACAG,1,7.678232
ATTTAGGTGACACTATAGGACAT,GACAT,1,7.621504
ATTTAGGTGACACTATAGGACCA,GACCA,1,7.3730516
ATTTAGGTGACACTATAGGACCC,GACCC,1,7.285714
ATTTAGGTGACACTATAGGACCG,GACCG,1,7.459466
ATTTAGGTGACACTATAGGACCT,GACCT,1,7.419382
ATTTAGGTGACACTATAGGACGA,GACGA,1,7.632966
ATTTAGGTGACACTATAGGACGC,GACGC,1,7.58076
ATTTAGGTGACACTATAGGACGG,GACGG,1,7.6162705
ATTTAGGTGACACTATAGGACGT,GACGT,1,7.6371746
ATTTAGGTGACACTATAGGACTA,GACTA,1,7.579595
ATTTAGGTGACACTATAGGACTC,GACTC,1,7.4008155
ATTTAGGTGACACTATAGGACTG,GACTG,1,7.4741426
ATTTAGGTGACACTATAGGACTT,GACTT,1,7.4203515
ATTTAGGTGACACTATAGGAGAA,GAGAA,1,7.853962
ATTTAGGTGACACTATAGGAGAC,GAGAC,1,7.926402
ATTTAGGTGACACTATAGGAGAG,GAGAG,1,8.059698
ATTTAGGTGACACTATAGGAGAT,GAGAT,1,8.015739
ATTTAGGTGACACTATAGGAGCA,GAGCA,1,7.7950625
ATTTAGGTGACACTATAGGAGCC,GAGCC,1,7.7338667
ATTTAGGTGACACTATAGGAGCG,GAGCG,1,7.92305
ATTTAGGTGACACTATAGGAGCT,GAGCT,1,7.9408393
ATTTAGGTGACACTATAGGAGGA,GAGGA,1,7.8500123
ATTTAGGTGACACTATAGGAGGC,GAGGC,1,7.886264
ATTTAGGTGACACTATAGGAGGG,GAGGG,1,8.0033865
ATTTAGGTGACACTATAGGAGGT,GAGGT,1,7.9890304
ATTTAGGTGACACTATAGGAGTA,GAGTA,1,7.7730384
ATTTAGGTGACACTATAGGAGTC,GAGTC,1,7.76686
ATTTAGGTGACACTATAGGAGTG,GAGTG,1,7.890412
ATTTAGGTGACACTATAGGAGTT,GAGTT,1,7.775449
ATTTAGGTGACACTATAGGATAA,GATAA,1,7.4635825
ATTTAGGTGACACTATAGGATAC,GATAC,1,7.411422
ATTTAGGTGACACTATAGGATAG,GATAG,1,7.572133
ATTTAGGTGACACTATAGGATAT,GATAT,1,7.588112
ATTTAGGTGACACTATAGGATCA,GATCA,1,7.3865094
ATTTAGGTGACACTATAGGATCC,GATCC,1,7.40353
ATTTAGGTGACACTATAGGATCG,GATCG,1,7.4704943
ATTTAGGTGACACTATAGGATCT,GATCT,1,7.398378
ATTTAGGTGACACTATAGGATGA,GATGA,1,7.4814816
ATTTAGGTGACACTATAGGATGC,GATGC,1,7.5774126
ATTTAGGTGACACTATAGGATGG,GATGG,1,7.575083
ATTTAGGTGACACTATAGGATGT,GATGT,1,7.5183654
ATTTAGGTGACACTATAGGATTA,GATTA,1,7.4065723
ATTTAGGTGACACTATAGGATTC,GATTC,1,7.454883
ATTTAGGTGACACTATAGGATTG,GATTG,1,7.4440885
ATTTAGGTGACACTATAGGATTT,GATTT,1,7.3909345
ATTTAGGTGACACTATAGGCAAA,GCAAA,1,7.2522454
ATTTAGGTGACACTATAGGCAAC,GCAAC,1,7.2515497
ATTTAGGTGACACTATAGGCAAG,GCAAG,1,7.449811
ATTTAGGTGACACTATAGGCAAT,GCAAT,1,7.300252
ATTTAGGTGACACTATAGGCACA,GCACA,1,7.2450376
ATTTAGGTGACACTATAGGCACC,GCACC,1,7.171713
ATTTAGGTGACACTATAGGCACG,GCACG,1,7.277031
ATTTAGGTGACACTATAGGCACT,GCACT,1,7.2478456
ATTTAGGTGACACTATAGGCAGA,GCAGA,1,7.3990526
ATTTAGGTGACACTATAGGCAGC,GCAGC,1,7.2996464
ATTTAGGTGACACTATAGGCAGG,GCAGG,1,7.3675623
ATTTAGGTGACACTATAGGCAGT,GCAGT,1,7.293787
ATTTAGGTGACACTATAGGCATA,GCATA,1,7.0912156
ATTTAGGTGACACTATAGGCATC,GCATC,1,7.0562205
ATTTAGGTGACACTATAGGCATG,GCATG,1,7.1372023
ATTTAGGTGACACTATAGGCATT,GCATT,1,7.0559115
ATTTAGGTGACACTATAGGCCAA,GCCAA,1,7.238306
ATTTAGGTGACACTATAGGCCAC,GCCAC,1,7.2358346
ATTTAGGTGACACTATAGGCCAG,GCCAG,1,7.3046546
ATTTAGGTGACACTATAGGCCAT,GCCAT,1,7.215972
ATTTAGGTGACACTATAGGCCCA,GCCCA,1,6.9848404
ATTTAGGTGACACTATAGGCCCC,GCCCC,1,6.920563
ATTTAGGTGACACTATAGGCCCG,GCCCG,1,6.9387527
ATTTAGGTGACACTATAGGCCCT,GCCCT,1,7.0143614
ATTTAGGTGACACTATAGGCCGA,GCCGA,1,7.333508
ATTTAGGTGACACTATAGGCCGC,GCCGC,1,7.3095303
ATTTAGGTGACACTATAGGCCGG,GCCGG,1,7.2022443
ATTTAGGTGACACTATAGGCCGT,GCCGT,1,7.267394
ATTTAGGTGACACTATAGGCCTA,GCCTA,1,7.2814937
ATTTAGGTGACACTATAGGCCTC,GCCTC,1,7.240942
ATTTAGGTGACACTATAGGCCTG,GCCTG,1,7.183228
ATTTAGGTGACACTATAGGCCTT,GCCTT,1,7.204281
ATTTAGGTGACACTATAGGCGAA,GCGAA,1,7.215544
ATTTAGGTGACACTATAGGCGAC,GCGAC,1,7.353027
ATTTAGGTGACACTATAGGCGAG,GCGAG,1,7.36593
ATTTAGGTGACACTATAGGCGAT,GCGAT,1,7.236716
ATTTAGGTGACACTATAGGCGCA,GCGCA,1,7.2130218
ATTTAGGTGACACTATAGGCGCC,GCGCC,1,7.221703
ATTTAGGTGACACTATAGGCGCG,GCGCG,1,7.2960777
ATTTAGGTGACACTATAGGCGCT,GCGCT,1,7.2489395
ATTTAGGTGACACTATAGGCGGA,GCGGA,1,7.2425976
ATTTAGGTGACACTATAGGCGGC,GCGGC,1,7.3962526
ATTTAGGTGACACTATAGGCGGG,GCGGG,1,7.279439
ATTTAGGTGACACTATAGGCGGT,GCGGT,1,7.3012686
ATTTAGGTGACACTATAGGCGTA,GCGTA,1,7.191972
ATTTAGGTGACACTATAGGCGTC,GCGTC,1,7.209639
ATTTAGGTGACACTATAGGCGTG,GCGTG,1,7.2432323
ATTTAGGTGACACTATAGGCGTT,GCGTT,1,7.105719
ATTTAGGTGACACTATAGGCTAA,GCTAA,1,7.1073956
ATTTAGGTGACACTATAGGCTAC,GCTAC,1,7.1884947
ATTTAGGTGACACTATAGGCTAG,GCTAG,1,7.2122903
ATTTAGGTGACACTATAGGCTAT,GCTAT,1,7.1097927
ATTTAGGTGACACTATAGGCTCA,GCTCA,1,7.083202
ATTTAGGTGACACTATAGGCTCC,GCTCC,1,7.0801973
ATTTAGGTGACACTATAGGCTCG,GCTCG,1,7.1344795
ATTTAGGTGACACTATAGGCTCT,GCTCT,1,7.1230507
ATTTAGGTGACACTATAGGCTGA,GCTGA,1,7.2241054
ATTTAGGTGACACTATAGGCTGC,GCTGC,1,7.3270936
ATTTAGGTGACACTATAGGCTGG,GCTGG,1,7.2251754
ATTTAGGTGACACTATAGGCTGT,GCTGT,1,7.1688967
ATTTAGGTGACACTATAGGCTTA,GCTTA,1,7.09279
ATTTAGGTGACACTATAGGCTTC,GCTTC,1,7.069636
ATTTAGGTGACACTATAGGCTTG,GCTTG,1,7.0857797
ATTTAGGTGACACTATAGGCTTT,GCTTT,1,7.000233
ATTTAGGTGACACTATAGGGAAA,GGAAA,1,7.3617945
ATTTAGGTGACACTATAGGGAAC,GGAAC,1,7.2531767
ATTTAGGTGACACTATAGGGAAG,GGAAG,1,7.42434
ATTTAGGTGACACTATAGGGAAT,GGAAT,1,7.2807527
ATTTAGGTGACACTATAGGGACA,GGACA,1,7.3639274
ATTTAGGTGACACTATAGGGACC,GGACC,1,7.1338544
ATTTAGGTGACACTATAGGGACG,GGACG,1,7.34802
ATTTAGGTGACACTATAGGGACT,GGACT,1,7.190659
ATTTAGGTGACACTATAGGGAGA,GGAGA,1,7.5452027
ATTTAGGTGACACTATAGGGAGC,GGAGC,1,7.421921
ATTTAGGTGACACTATAGGGAGG,GGAGG,1,7.512461
ATTTAGGTGACACTATAGGGAGT,GGAGT,1,7.3149185
ATTTAGGTGACACTATAGGGATA,GGATA,1,7.2390547
ATTTAGGTGACACTATAGGGATC,GGATC,1,7.140543
ATTTAGGTGACACTATAGGGATG,GGATG,1,7.2367067
ATTTAGGTGACACTATAGGGATT,GGATT,1,7.019982
ATTTAGGTGACACTATAGGGCAA,GGCAA,1,7.2175603
ATTTAGGTGACACTATAGGGCAC,GGCAC,1,7.2711616
ATTTAGGTGACACTATAGGGCAG,GGCAG,1,7.2303133
ATTTAGGTGACACTATAGGGCAT,GGCAT,1,7.141896
ATTTAGGTGACACTATAGGGCCA,GGCCA,1,7.0595913
ATTTAGGTGACACTATAGGGCCC,GGCCC,1,6.98817
ATTTAGGTGACACTATAGGGCCG,GGCCG,1,6.9701314
ATTTAGGTGACACTATAGGGCCT,GGCCT,1,6.926427
ATTTAGGTGACACTATAGGGCGA,GGCGA,1,7.25149
ATTTAGGTGACACTATAGGGCGC,GGCGC,1,7.3512344
ATTTAGGTGACACTATAGGGCGG,GGCGG,1,7.1591916
ATTTAGGTGACACTATAGGGCGT,GGCGT,1,7.218498
ATTTAGGTGACACTATAGGGCTA,GGCTA,1,7.1552114
ATTTAGGTGACACTATAGGGCTC,GGCTC,1,7.1859827
ATTTAGGTGACACTATAGGGCTG,GGCTG,1,7.1733465
ATTTAGGTGACACTATAGGGCTT,GGCTT,1,7.0083222
ATTTAGGTGACACTATAGGGGAA,GGGAA,1,7.320193
ATTTAGGTGACACTATAGGGGAC,GGGAC,1,7.340032
ATTTAGGTGACACTATAGGGGAG,GGGAG,1,7.4875503
ATTTAGGTGACACTATAGGGGAT,GGGAT,1,7.2691574
ATTTAGGTGACACTATAGGGGCA,GGGCA,1,7.2558208
ATTTAGGTGACACTATAGGGGCC,GGGCC,1,7.2086883
ATTTAGGTGACACTATAGGGGCG,GGGCG,1,7.290879
ATTTAGGTGACACTATAGGGGCT,GGGCT,1,7.212999
ATTTAGGTGACACTATAGGGGGA,GGGGA,1,7.325367
ATTTAGGTGACACTATAGGGGGC,GGGGC,1,7.490957
ATTTAGGTGACACTATAGGGGGG,GGGGG,1,7.3173566
ATTTAGGTGACACTATAGGGGGT,GGGGT,1,7.2689433
ATTTAGGTGACACTATAGGGGTA,GGGTA,1,7.2644515
ATTTAGGTGACACTATAGGGGTC,GGGTC,1,7.2729726
ATTTAGGTGACACTATAGGGGTG,GGGTG,1,7.295445
ATTTAGGTGACACTATAGGGGTT,GGGTT,1,7.007171
ATTTAGGTGACACTATAGGGTAA,GGTAA,1,7.1874695
ATTTAGGTGACACTATAGGGTAC,GGTAC,1,7.0866404
ATTTAGGTGACACTATAGGGTAG,GGTAG,1,7.1718564
ATTTAGGTGACACTATAGGGTAT,GGTAT,1,7.109956
ATTTAGGTGACACTATAGGGTCA,GGTCA,1,7.0547214
ATTTAGGTGACACTATAGGGTCC,GGTCC,1,6.9240375
ATTTAGGTGACACTATAGGGTCG,GGTCG,1,6.9391603
ATTTAGGTGACACTATAGGGTCT,GGTCT,1,6.887547
ATTTAGGTGACACTATAGGGTGA,GGTGA,1,7.2112265
ATTTAGGTGACACTATAGGGTGC,GGTGC,1,7.3181825
ATTTAGGTGACACTATAGGGTGG,GGTGG,1,7.1408
ATTTAGGTGACACTATAGGGTGT,GGTGT,1,7.0922112
ATTTAGGTGACACTATAGGGTTA,GGTTA,1,7.1519136
ATTTAGGTGACACTATAGGGTTC,GGTTC,1,7.0403824
ATTTAGGTGACACTATAGGGTTG,GGTTG,1,7.151112
ATTTAGGTGACACTATAGGGTTT,GGTTT,1,6.8979955
ATTTAGGTGACACTATAGGTAAA,GTAAA,1,7.410359
ATTTAGGTGACACTATAGGTAAC,GTAAC,1,7.3165717
ATTTAGGTGACACTATAGGTAAG,GTAAG,1,7.481986
ATTTAGGTGACACTATAGGTAAT,GTAAT,1,7.467404
ATTTAGGTGACACTATAGGTACA,GTACA,1,7.3078527
ATTTAGGTGACACTATAGGTACC,GTACC,1,7.28215
ATTTAGGTGACACTATAGGTACG,GTACG,1,7.4722404
ATTTAGGTGACACTATAGGTACT,GTACT,1,7.292464
ATTTAGGTGACACTATAGGTAGA,GTAGA,1,7.5423875
ATTTAGGTGACACTATAGGTAGC,GTAGC,1,7.5876822
ATTTAGGTGACACTATAGGTAGG,GTAGG,1,7.6074243
ATTTAGGTGACACTATAGGTAGT,GTAGT,1,7.5519676
ATTTAGGTGACACTATAGGTATA,GTATA,1,7.3413954
ATTTAGGTGACACTATAGGTATC,GTATC,1,7.275649
ATTTAGGTGACACTATAGGTATG,GTATG,1,7.398822
ATTTAGGTGACACTATAGGTATT,GTATT,1,7.158029
ATTTAGGTGACACTATAGGTCAA,GTCAA,1,7.3482294
ATTTAGGTGACACTATAGGTCAC,GTCAC,1,7.33733
ATTTAGGTGACACTATAGGTCAG,GTCAG,1,7.4500923
ATTTAGGTGACACTATAGGTCAT,GTCAT,1,7.3621464
ATTTAGGTGACACTATAGGTCCA,GTCCA,1,7.2701683
ATTTAGGTGACACTATAGGTCCC,GTCCC,1,7.1981773
ATTTAGGTGACACTATAGGTCCG,GTCCG,1,7.262489
ATTTAGGTGACACTATAGGTCCT,GTCCT,1,7.200462
ATTTAGGTGACACTATAGGTCGA,GTCGA,1,7.4765277
ATTTAGGTGACACTATAGGTCGC,GTCGC,1,7.45536
ATTTAGGTGACACTATAGGTCGG,GTCGG,1,7.3964157
ATTTAGGTGACACTATAGGTCGT,GTCGT,1,7.4548154
ATTTAGGTGACACTATAGGTCTA,GTCTA,1,7.4042354
ATTTAGGTGACACTATAGGTCTC,GTCTC,1,7.2895327
ATTTAGGTGACACTATAGGTCTG,GTCTG,1,7.3497586
ATTTAGGTGACACTATAGGTCTT,GTCTT,1,7.245136
ATTTAGGTGACACTATAGGTGAA,GTGAA,1,7.590207
ATTTAGGTGACACTATAGGTGAC,GTGAC,1,7.6914425
ATTTAGGTGACACTATAGGTGAG,GTGAG,1,7.815342
ATTTAGGTGACACTATAGGTGAT,GTGAT,1,7.653003
ATTTAGGTGACACTATAGGTGCA,GTGCA,1,7.603112
ATTTAGGTGACACTATAGGTGCC,GTGCC,1,7.509658
ATTTAGGTGACACTATAGGTGCG,GTGCG,1,7.631028
ATTTAGGTGACACTATAGGTGCT,GTGCT,1,7.6192064
ATTTAGGTGACACTATAGGTGGA,GTGGA,1,7.602664
ATTTAGGTGACACTATAGGTGGC,GTGGC,1,7.6897182
ATTTAGGTGACACTATAGGTGGG,GTGGG,1,7.7227955
ATTTAGGTGACACTATAGGTGGT,GTGGT,1,7.7017603
ATTTAGGTGACACTATAGGTGTA,GTGTA,1,7.566373
ATTTAGGTGACACTATAGGTGTC,GTGTC,1,7.561589
ATTTAGGTGACACTATAGGTGTG,GTGTG,1,7.6577244
ATTTAGGTGACACTATAGGTGTT,GTGTT,1,7.480389
ATTTAGGTGACACTATAGGTTAA,GTTAA,1,7.36752
ATTTAGGTGACACTATAGGTTAC,GTTAC,1,7.3164306
ATTTAGGTGACACTATAGGTTAG,GTTAG,1,7.375167
ATTTAGGTGACACTATAGGTTAT,GTTAT,1,7.343725
ATTTAGGTGACACTATAGGTTCA,GTTCA,1,7.341892
ATTTAGGTGACACTATAGGTTCC,GTTCC,1,7.2922792
ATTTAGGTGACACTATAGGTTCG,GTTCG,1,7.3794665
ATTTAGGTGACACTATAGGTTCT,GTTCT,1,7.2684917
ATTTAGGTGACACTATAGGTTGA,GTTGA,1,7.568636
ATTTAGGTGACACTATAGGTTGC,GTTGC,1,7.5587974
ATTTAGGTGACACTATAGGTTGG,GTTGG,1,7.530609
ATTTAGGTGACACTATAGGTTGT,GTTGT,1,7.4383774
ATTTAGGTGACACTATAGGTTTA,GTTTA,1,7.414326
ATTTAGGTGACACTATAGGTTTC,GTTTC,1,7.2637568
ATTTAGGTGACACTATAGGTTTG,GTTTG,1,7.360462
ATTTAGGTGACACTATAGGTTTT,GTTTT,1,7.2162137
ATTTAGGTGACACTATAGTAAAA,TAAAA,1,7.521292
ATTTAGGTGACACTATAGTAAAC,TAAAC,1,7.413115
ATTTAGGTGACACTATAGTAAAG,TAAAG,1,7.513889
ATTTAGGTGACACTATAGTAAAT,TAAAT,1,7.4725857
ATTTAGGTGACACTATAGTAACA,TAACA,1,7.472256
ATTTAGGTGACACTATAGTAACC,TAACC,1,7.2792125
ATTTAGGTGACACTATAGTAACG,TAACG,1,7.2944965
ATTTAGGTGACACTATAGTAACT,TAACT,1,7.367755
ATTTAGGTGACACTATAGTAAGA,TAAGA,1,7.543483
ATTTAGGTGACACTATAGTAAGC,TAAGC,1,7.49677
ATTTAGGTGACACTATAGTAAGG,TAAGG,1,7.501627
ATTTAGGTGACACTATAGTAAGT,TAAGT,1,7.5238543
ATTTAGGTGACACTATAGTAATA,TAATA,1,7.4105835
ATTTAGGTGACACTATAGTAATC,TAATC,1,7.3458347
ATTTAGGTGACACTATAGTAATG,TAATG,1,7.316573
ATTTAGGTGACACTATAGTAATT,TAATT,1,7.2260056
ATTTAGGTGACACTATAGTACAA,TACAA,1,7.55492
ATTTAGGTGACACTATAGTACAC,TACAC,1,7.447488
ATTTAGGTGACACTATAGTACAG,TACAG,1,7.5404983
ATTTAGGTGACACTATAGTACAT,TACAT,1,7.5113864
ATTTAGGTGACACTATAGTACCA,TACCA,1,7.5115824
ATTTAGGTGACACTATAGTACCC,TACCC,1,7.247313
ATTTAGGTGACACTATAGTACCG,TACCG,1,7.3283434
ATTTAGGTGACACTATAGTACCT,TACCT,1,7.3297067
ATTTAGGTGACACTATAGTACGA,TACGA,1,7.692517
ATTTAGGTGACACTATAGTACGC,TACGC,1,7.606862
ATTTAGGTGACACTATAGTACGG,TACGG,1,7.578937
ATTTAGGTGACACTATAGTACGT,TACGT,1,7.5760365
ATTTAGGTGACACTATAGTACTA,TACTA,1,7.564347
ATTTAGGTGACACTATAGTACTC,TACTC,1,7.395182
ATTTAGGTGACACTATAGTACTG,TACTG,1,7.360563
ATTTAGGTGACACTATAGTACTT,TACTT,1,7.34723
ATTTAGGTGACACTATAGTAGAA,TAGAA,1,7.9398437
ATTTAGGTGACACTATAGTAGAC,TAGAC,1,7.9755173
ATTTAGGTGACACTATAGTAGAG,TAGAG,1,8.028049
ATTTAGGTGACACTATAGTAGAT,TAGAT,1,7.9463882
ATTTAGGTGACACTATAGTAGCA,TAGCA,1,7.9906836
ATTTAGGTGACACTATAGTAGCC,TAGCC,1,7.8539333
ATTTAGGTGACACTATAGTAGCG,TAGCG,1,8.0159
ATTTAGGTGACACTATAGTAGCT,TAGCT,1,8.023269
ATTTAGGTGACACTATAGTAGGA,TAGGA,1,7.957903
ATTTAGGTGACACTATAGTAGGC,TAGGC,1,7.943656
ATTTAGGTGACACTATAGTAGGG,TAGGG,1,8.034629
ATTTAGGTGACACTATAGTAGGT,TAGGT,1,8.101318
ATTTAGGTGACACTATAGTAGTA,TAGTA,1,7.976369
ATTTAGGTGACACTATAGTAGTC,TAGTC,1,7.8355026
ATTTAGGTGACACTATAGTAGTG,TAGTG,1,7.9050612
ATTTAGGTGACACTATAGTAGTT,TAGTT,1,7.8459167
ATTTAGGTGACACTATAGTATAA,TATAA,1,7.515401
ATTTAGGTGACACTATAGTATAC,TATAC,1,7.5742006
ATTTAGGTGACACTATAGTATAG,TATAG,1,7.6181016
ATTTAGGTGACACTATAGTATAT,TATAT,1,7.55036
ATTTAGGTGACACTATAGTATCA,TATCA,1,7.557345
ATTTAGGTGACACTATAGTATCC,TATCC,1,7.466558
ATTTAGGTGACACTATAGTATCG,TATCG,1,7.473219
ATTTAGGTGACACTATAGTATCT,TATCT,1,7.433606
ATTTAGGTGACACTATAGTATGA,TATGA,1,7.581275
ATTTAGGTGACACTATAGTATGC,TATGC,1,7.6397214
ATTTAGGTGACACTATAGTATGG,TATGG,1,7.5920835
ATTTAGGTGACACTATAGTATGT,TATGT,1,7.582804
ATTTAGGTGACACTATAGTATTA,TATTA,1,7.489496
ATTTAGGTGACACTATAGTATTC,TATTC,1,7.4465094
ATTTAGGTGACACTATAGTATTG,TATTG,1,7.3999367
ATTTAGGTGACACTATAGTATTT,TATTT,1,7.359955
ATTTAGGTGACACTATAGTCAAA,TCAAA,1,7.2103667
ATTTAGGTGACACTATAGTCAAC,TCAAC,1,7.178004
ATTTAGGTGACACTATAGTCAAG,TCAAG,1,7.241941
ATTTAGGTGACACTATAGTCAAT,TCAAT,1,7.1717997
ATTTAGGTGACACTATAGTCACA,TCACA,1,7.073313
ATTTAGGTGACACTATAGTCACC,TCACC,1,7.0725017
ATTTAGGTGACACTATAGTCACG,TCACG,1,7.0760417
ATTTAGGTGACACTATAGTCACT,TCACT,1,7.011217
ATTTAGGTGACACTATAGTCAGA,TCAGA,1,7.327231
ATTTAGGTGACACTATAGTCAGC,TCAGC,1,7.164351
ATTTAGGTGACACTATAGTCAGG,TCAGG,1,7.131212
ATTTAGGTGACACTATAGTCAGT,TCAGT,1,7.1411366
ATTTAGGTGACACTATAGTCATA,TCATA,1,7.1253414
ATTTAGGTGACACTATAGTCATC,TCATC,1,7.0455637
ATTTAGGTGACACTATAGTCATG,TCATG,1,7.01694
ATTTAGGTGACACTATAGTCATT,TCATT,1,7.000502
ATTTAGGTGACACTATAGTCCAA,TCCAA,1,7.248415
ATTTAGGTGACACTATAGTCCAC,TCCAC,1,7.2377133
ATTTAGGTGACACTATAGTCCAG,TCCAG,1,7.2683005
ATTTAGGTGACACTATAGTCCAT,TCCAT,1,7.188886
ATTTAGGTGACACTATAGTCCCA,TCCCA,1,7.13137
ATTTAGGTGACACTATAGTCCCC,TCCCC,1,7.003348
ATTTAGGTGACACTATAGTCCCG,TCCCG,1,6.9624
ATTTAGGTGACACTATAGTCCCT,TCCCT,1,7.065112
ATTTAGGTGACACTATAGTCCGA,TCCGA,1,7.399361
ATTTAGGTGACACTATAGTCCGC,TCCGC,1,7.3106747
ATTTAGGTGACACTATAGTCCGG,TCCGG,1,7.261467
ATTTAGGTGACACTATAGTCCGT,TCCGT,1,7.349937
ATTTAGGTGACACTATAGTCCTA,TCCTA,1,7.471775
ATTTAGGTGACACTATAGTCCTC,TCCTC,1,7.317564
ATTTAGGTGACACTATAGTCCTG,TCCTG,1,7.2357063
ATTTAGGTGACACTATAGTCCTT,TCCTT,1,7.3011265
ATTTAGGTGACACTATAGTCGAA,TCGAA,1,7.4051886
ATTTAGGTGACACTATAGTCGAC,TCGAC,1,7.46274
ATTTAGGTGACACTATAGTCGAG,TCGAG,1,7.49991
ATTTAGGTGACACTATAGTCGAT,TCGAT,1,7.326667
ATTTAGGTGACACTATAGTCGCA,TCGCA,1,7.315
ATTTAGGTGACACTATAGTCGCC,TCGCC,1,7.270645
ATTTAGGTGACACTATAGTCGCG,TCGCG,1,7.3551435
ATTTAGGTGACACTATAGTCGCT,TCGCT,1,7.282932
ATTTAGGTGACACTATAGTCGGA,TCGGA,1,7.351686
ATTTAGGTGACACTATAGTCGGC,TCGGC,1,7.4796286
ATTTAGGTGACACTATAGTCGGG,TCGGG,1,7.3162584
ATTTAGGTGACACTATAGTCGGT,TCGGT,1,7.4104033
ATTTAGGTGACACTATAGTCGTA,TCGTA,1,7.407243
ATTTAGGTGACACTATAGTCGTC,TCGTC,1,7.3277955
ATTTAGGTGACACTATAGTCGTG,TCGTG,1,7.3352203
ATTTAGGTGACACTATAGTCGTT,TCGTT,1,7.2392726
ATTTAGGTGACACTATAGTCTAA,TCTAA,1,7.17247
ATTTAGGTGACACTATAGTCTAC,TCTAC,1,7.226186
ATTTAGGTGACACTATAGTCTAG,TCTAG,1,7.2353864
ATTTAGGTGACACTATAGTCTAT,TCTAT,1,7.085094
ATTTAGGTGACACTATAGTCTCA,TCTCA,1,7.130862
ATTTAGGTGACACTATAGTCTCC,TCTCC,1,7.1862774
ATTTAGGTGACACTATAGTCTCG,TCTCG,1,7.1574183
ATTTAGGTGACACTATAGTCTCT,TCTCT,1,7.144228
ATTTAGGTGACACTATAGTCTGA,TCTGA,1,7.274617
ATTTAGGTGACACTATAGTCTGC,TCTGC,1,7.3891363
ATTTAGGTGACACTATAGTCTGG,TCTGG,1,7.2570724
ATTTAGGTGACACTATAGTCTGT,TCTGT,1,7.259034
ATTTAGGTGACACTATAGTCTTA,TCTTA,1,7.1930056
ATTTAGGTGACACTATAGTCTTC,TCTTC,1,7.172263
ATTTAGGTGACACTATAGTCTTG,TCTTG,1,7.1537876
ATTTAGGTGACACTATAGTCTTT,TCTTT,1,7.124999
ATTTAGGTGACACTATAGTGAAA,TGAAA,1,7.019291
ATTTAGGTGACACTATAGTGAAC,TGAAC,1,6.9406047
ATTTAGGTGACACTATAGTGAAG,TGAAG,1,7.022865
ATTTAGGTGACACTATAGTGAAT,TGAAT,1,6.927191
ATTTAGGTGACACTATAGTGACA,TGACA,1,7.044666
ATTTAGGTGACACTATAGTGACC,TGACC,1,6.9325004
ATTTAGGTGACACTATAGTGACG,TGACG,1,6.9478073
ATTTAGGTGACACTATAGTGACT,TGACT,1,6.898465
ATTTAGGTGACACTATAGTGAGA,TGAGA,1,7.0867457
ATTTAGGTGACACTATAGTGAGC,TGAGC,1,7.04814
ATTTAGGTGACACTATAGTGAGG,TGAGG,1,6.9536176
ATTTAGGTGACACTATAGTGAGT,TGAGT,1,6.827121
ATTTAGGTGACACTATAGTGATA,TGATA,1,6.918965
ATTTAGGTGACACTATAGTGATC,TGATC,1,6.78174
ATTTAGGTGACACTATAGTGATG,TGATG,1,6.7215443
ATTTAGGTGACACTATAGTGATT,TGATT,1,6.6957135
ATTTAGGTGACACTATAGTGCAA,TGCAA,1,6.868971
ATTTAGGTGACACTATAGTGCAC,TGCAC,1,6.9385815
ATTTAGGTGACACTATAGTGCAG,TGCAG,1,6.8762016
ATTTAGGTGACACTATAGTGCAT,TGCAT,1,6.8518085
ATTTAGGTGACACTATAGTGCCA,TGCCA,1,6.8859305
ATTTAGGTGACACTATAGTGCCC,TGCCC,1,6.705656
ATTTAGGTGACACTATAGTGCCG,TGCCG,1,6.579804
ATTTAGGTGACACTATAGTGCCT,TGCCT,1,6.686766
ATTTAGGTGACACTATAGTGCGA,TGCGA,1,6.9327254
ATTTAGGTGACACTATAGTGCGC,TGCGC,1,6.990847
ATTTAGGTGACACTATAGTGCGG,TGCGG,1,6.8021855
ATTTAGGTGACACTATAGTGCGT,TGCGT,1,6.9300165
ATTTAGGTGACACTATAGTGCTA,TGCTA,1,7.0741262
ATTTAGGTGACACTATAGTGCTC,TGCTC,1,6.946048
ATTTAGGTGACACTATAGTGCTG,TGCTG,1,6.811852
ATTTAGGTGACACTATAGTGCTT,TGCTT,1,6.8317285
ATTTAGGTGACACTATAGTGGAA,TGGAA,1,7.096176
ATTTAGGTGACACTATAGTGGAC,TGGAC,1,7.0856957
ATTTAGGTGACACTATAGTGGAG,TGGAG,1,7.1853833
ATTTAGGTGACACTATAGTGGAT,TGGAT,1,7.0304675
ATTTAGGTGACACTATAGTGGCA,TGGCA,1,7.0464697
ATTTAGGTGACACTATAGTGGCC,TGGCC,1,6.986562
ATTTAGGTGACACTATAGTGGCG,TGGCG,1,6.9917555
ATTTAGGTGACACTATAGTGGCT,TGGCT,1,6.977919
ATTTAGGTGACACTATAGTGGGA,TGGGA,1,6.9748554
ATTTAGGTGACACTATAGTGGGC,TGGGC,1,7.0403867
ATTTAGGTGACACTATAGTGGGG,TGGGG,1,6.856581
ATTTAGGTGACACTATAGTGGGT,TGGGT,1,6.900379
ATTTAGGTGACACTATAGTGGTA,TGGTA,1,7.096673
ATTTAGGTGACACTATAGTGGTC,TGGTC,1,7.0523214
ATTTAGGTGACACTATAGTGGTG,TGGTG,1,6.9143186
ATTTAGGTGACACTATAGTGGTT,TGGTT,1,6.8045397
ATTTAGGTGACACTATAGTGTAA,TGTAA,1,6.956816
ATTTAGGTGACACTATAGTGTAC,TGTAC,1,6.9184227
ATTTAGGTGACACTATAGTGTAG,TGTAG,1,6.944933
ATTTAGGTGACACTATAGTGTAT,TGTAT,1,6.875731
ATTTAGGTGACACTATAGTGTCA,TGTCA,1,6.987279
ATTTAGGTGACACTATAGTGTCC,TGTCC,1,6.890027
ATTTAGGTGACACTATAGTGTCG,TGTCG,1,6.8049536
ATTTAGGTGACACTATAGTGTCT,TGTCT,1,6.8243313
ATTTAGGTGACACTATAGTGTGA,TGTGA,1,6.9632936
ATTTAGGTGACACTATAGTGTGC,TGTGC,1,7.050417
ATTTAGGTGACACTATAGTGTGG,TGTGG,1,6.8648577
ATTTAGGTGACACTATAGTGTGT,TGTGT,1,6.7879615
ATTTAGGTGACACTATAGTGTTA,TGTTA,1,6.9093056
ATTTAGGTGACACTATAGTGTTC,TGTTC,1,6.8064194
ATTTAGGTGACACTATAGTGTTG,TGTTG,1,6.8066044
ATTTAGGTGACACTATAGTGTTT,TGTTT,1,6.7056713
ATTTAGGTGACACTATAGTTAAA,TTAAA,1,7.1591253
ATTTAGGTGACACTATAGTTAAC,TTAAC,1,7.1160464
ATTTAGGTGACACTATAGTTAAG,TTAAG,1,7.258776
ATTTAGGTGACACTATAGTTAAT,TTAAT,1,7.1712418
ATTTAGGTGACACTATAGTTACA,TTACA,1,7.074575
ATTTAGGTGACACTATAGTTACC,TTACC,1,7.048301
ATTTAGGTGACACTATAGTTACG,TTACG,1,7.2062845
ATTTAGGTGACACTATAGTTACT,TTACT,1,6.974332
ATTTAGGTGACACTATAGTTAGA,TTAGA,1,7.223303
ATTTAGGTGACACTATAGTTAGC,TTAGC,1,7.3295135
ATTTAGGTGACACTATAGTTAGG,TTAGG,1,7.2948837
ATTTAGGTGACACTATAGTTAGT,TTAGT,1,7.1689053
ATTTAGGTGACACTATAGTTATA,TTATA,1,7.1718307
ATTTAGGTGACACTATAGTTATC,TTATC,1,7.1329813
ATTTAGGTGACACTATAGTTATG,TTATG,1,7.1285315
ATTTAGGTGACACTATAGTTATT,TTATT,1,7.0016317
ATTTAGGTGACACTATAGTTCAA,TTCAA,1,7.141893
ATTTAGGTGACACTATAGTTCAC,TTCAC,1,7.126069
ATTTAGGTGACACTATAGTTCAG,TTCAG,1,7.178331
ATTTAGGTGACACTATAGTTCAT,TTCAT,1,7.149906
ATTTAGGTGACACTATAGTTCCA,TTCCA,1,7.1061883
ATTTAGGTGACACTATAGTTCCC,TTCCC,1,6.9756675
ATTTAGGTGACACTATAGTTCCG,TTCCG,1,6.9670053
ATTTAGGTGACACTATAGTTCCT,TTCCT,1,7.031763
ATTTAGGTGACACTATAGTTCGA,TTCGA,1,7.283069
ATTTAGGTGACACTATAGTTCGC,TTCGC,1,7.2136865
ATTTAGGTGACACTATAGTTCGG,TTCGG,1,7.1798344
ATTTAGGTGACACTATAGTTCGT,TTCGT,1,7.27481
ATTTAGGTGACACTATAGTTCTA,TTCTA,1,7.2765927
ATTTAGGTGACACTATAGTTCTC,TTCTC,1,7.15563
ATTTAGGTGACACTATAGTTCTG,TTCTG,1,7.1104674
ATTTAGGTGACACTATAGTTCTT,TTCTT,1,7.1234627
ATTTAGGTGACACTATAGTTGAA,TTGAA,1,7.4748178
ATTTAGGTGACACTATAGTTGAC,TTGAC,1,7.4493246
ATTTAGGTGACACTATAGTTGAG,TTGAG,1,7.55594
ATTTAGGTGACACTATAGTTGAT,TTGAT,1,7.456665
ATTTAGGTGACACTATAGTTGCA,TTGCA,1,7.4739304
ATTTAGGTGACACTATAGTTGCC,TTGCC,1,7.388058
ATTTAGGTGACACTATAGTTGCG,TTGCG,1,7.433485
ATTTAGGTGACACTATAGTTGCT,TTGCT,1,7.4584675
ATTTAGGTGACACTATAGTTGGA,TTGGA,1,7.514857
ATTTAGGTGACACTATAGTTGGC,TTGGC,1,7.5202255
ATTTAGGTGACACTATAGTTGGG,TTGGG,1,7.514343
ATTTAGGTGACACTATAGTTGGT,TTGGT,1,7.5205965
ATTTAGGTGACACTATAGTTGTA,TTGTA,1,7.4795003
ATTTAGGTGACACTATAGTTGTC,TTGTC,1,7.3825884
ATTTAGGTGACACTATAGTTGTG,TTGTG,1,7.4158955
ATTTAGGTGACACTATAGTTGTT,TTGTT,1,7.3668294
ATTTAGGTGACACTATAGTTTAA,TTTAA,1,7.041555
ATTTAGGTGACACTATAGTTTAC,TTTAC,1,7.0699396
ATTTAGGTGACACTATAGTTTAG,TTTAG,1,7.0974436
ATTTAGGTGACACTATAGTTTAT,TTTAT,1,6.9812365
ATTTAGGTGACACTATAGTTTCA,TTTCA,1,7.0779495
ATTTAGGTGACACTATAGTTTCC,TTTCC,1,7.125431
ATTTAGGTGACACTATAGTTTCG,TTTCG,1,7.068363
ATTTAGGTGACACTATAGTTTCT,TTTCT,1,7.080791
ATTTAGGTGACACTATAGTTTGA,TTTGA,1,7.1637383
ATTTAGGTGACACTATAGTTTGC,TTTGC,1,7.2722597
ATTTAGGTGACACTATAGTTTGG,TTTGG,1,7.1244817
ATTTAGGTGACACTATAGTTTGT,TTTGT,1,7.038519
ATTTAGGTGACACTATAGTTTTA,TTTTA,1,7.1298585
ATTTAGGTGACACTATAGTTTTC,TTTTC,1,7.0670223
ATTTAGGTGACACTATAGTTTTG,TTTTG,1,7.082606
ATTTAGGTGACACTATAGTTTTT,TTTTT,1,6.946514
